id,post_url,comment_url,timestamp,date,day_of_week,hour_utc,text,text_length,likes,replies_count,primary_intent,all_intents
18123645904628332,https://www.instagram.com/p/DYLANuSDMuJ/,https://www.instagram.com/p/DYLANuSDMuJ/c/18123645904628332,2026-05-11T21:40:33.000Z,2026-05-11,Monday,21,How do i get the pictures,25,0,0,generic/unclear,generic/unclear
17872719402494757,https://www.instagram.com/p/DYLANuSDMuJ/,https://www.instagram.com/p/DYLANuSDMuJ/c/17872719402494757,2026-05-10T23:23:14.000Z,2026-05-10,Sunday,23,Next Stop ⏩️ Alora Beach - The La Beach Run - 30th May,54,0,0,generic/unclear,generic/unclear
18106224284310619,https://www.instagram.com/p/DYLANuSDMuJ/,https://www.instagram.com/p/DYLANuSDMuJ/c/18106224284310619,2026-05-10T23:22:39.000Z,2026-05-10,Sunday,23,🫱🏿‍🫲🏾💪🏾‼️,15,0,0,generic/unclear,generic/unclear
18036138512754235,https://www.instagram.com/p/DTWDF4zjZeL/,https://www.instagram.com/p/DTWDF4zjZeL/c/18036138512754235,2026-01-13T18:11:14.000Z,2026-01-13,Tuesday,18,Goddess 🧚🏻‍♀️🧚🏻‍♀️🧚🏻‍♀️🧚🏻‍♀️,36,0,0,generic/unclear,generic/unclear
17868311667536213,https://www.instagram.com/p/DTWDF4zjZeL/,https://www.instagram.com/p/DTWDF4zjZeL/c/17868311667536213,2026-01-12T23:41:57.000Z,2026-01-12,Monday,23,🔥🔥🔥,6,1,0,generic/unclear,generic/unclear
17930591031032847,https://www.instagram.com/p/DTWDF4zjZeL/,https://www.instagram.com/p/DTWDF4zjZeL/c/17930591031032847,2026-01-12T20:44:13.000Z,2026-01-12,Monday,20,❤️❤️❤️,6,1,0,generic/unclear,generic/unclear
18369560392090917,https://www.instagram.com/p/DTWDF4zjZeL/,https://www.instagram.com/p/DTWDF4zjZeL/c/18369560392090917,2026-01-12T12:42:46.000Z,2026-01-12,Monday,12,😍😍😍😍,8,1,0,generic/unclear,generic/unclear
17951796758935841,https://www.instagram.com/p/DTWDF4zjZeL/,https://www.instagram.com/p/DTWDF4zjZeL/c/17951796758935841,2026-01-12T10:13:13.000Z,2026-01-12,Monday,10,Superstar,9,0,0,generic/unclear,generic/unclear
18095584873932657,https://www.instagram.com/p/DTWDF4zjZeL/,https://www.instagram.com/p/DTWDF4zjZeL/c/18095584873932657,2026-01-12T05:57:02.000Z,2026-01-12,Monday,5,🥹😍,4,1,0,generic/unclear,generic/unclear
17872799799493663,https://www.instagram.com/p/DTWDF4zjZeL/,https://www.instagram.com/p/DTWDF4zjZeL/c/17872799799493663,2026-01-12T01:25:34.000Z,2026-01-12,Monday,1,@enid_blekk on guitar 🎸 @niiamateycongas_ on percussion @musical_jerry_ on saxophone🎷 ✨✨✨✨✨✨✨,95,1,0,event interest,event interest
18093042701481941,https://www.instagram.com/p/DTWDF4zjZeL/,https://www.instagram.com/p/DTWDF4zjZeL/c/18093042701481941,2026-01-11T20:13:02.000Z,2026-01-11,Sunday,20,you look and sound amazing ❤️,29,1,0,generic praise,generic praise
18084824552516675,https://www.instagram.com/p/DTWDF4zjZeL/,https://www.instagram.com/p/DTWDF4zjZeL/c/18084824552516675,2026-01-11T19:57:08.000Z,2026-01-11,Sunday,19,Beautiful,9,2,0,positive ambience praise,positive ambience praise
17962086284882404,https://www.instagram.com/p/DTWDF4zjZeL/,https://www.instagram.com/p/DTWDF4zjZeL/c/17962086284882404,2026-01-11T19:32:25.000Z,2026-01-11,Sunday,19,🔥🔥🔥,6,1,0,generic/unclear,generic/unclear
18068598374569248,https://www.instagram.com/p/DTWDF4zjZeL/,https://www.instagram.com/p/DTWDF4zjZeL/c/18068598374569248,2026-01-11T18:57:53.000Z,2026-01-11,Sunday,18,A star!!!! ⭐️,13,1,0,generic/unclear,generic/unclear
17985328007949147,https://www.instagram.com/p/DTWDF4zjZeL/,https://www.instagram.com/p/DTWDF4zjZeL/c/17985328007949147,2026-01-11T17:50:31.000Z,2026-01-11,Sunday,17,🔥🔥,4,1,0,generic/unclear,generic/unclear
18295824856262919,https://www.instagram.com/p/DTWDF4zjZeL/,https://www.instagram.com/p/DTWDF4zjZeL/c/18295824856262919,2026-01-11T13:36:00.000Z,2026-01-11,Sunday,13,Stunning😍,10,1,0,generic/unclear,generic/unclear
17863268652560444,https://www.instagram.com/p/DTWDF4zjZeL/,https://www.instagram.com/p/DTWDF4zjZeL/c/17863268652560444,2026-01-11T13:12:40.000Z,2026-01-11,Sunday,13,Une vraie star 🤍,17,1,0,generic/unclear,generic/unclear
18107466901672812,https://www.instagram.com/p/DTWDF4zjZeL/,https://www.instagram.com/p/DTWDF4zjZeL/c/18107466901672812,2026-01-11T12:38:29.000Z,2026-01-11,Sunday,12,Absolutely amazing ✨,20,1,0,generic praise,generic praise
17995407728889668,https://www.instagram.com/p/DTWGdLaDbnP/,https://www.instagram.com/p/DTWGdLaDbnP/c/17995407728889668,2026-01-19T18:21:45.000Z,2026-01-19,Monday,18,@malaikurd to the world 🔥🔥🔥🔥,32,1,0,generic/unclear,generic/unclear
17977474772808818,https://www.instagram.com/p/DTWGdLaDbnP/,https://www.instagram.com/p/DTWGdLaDbnP/c/17977474772808818,2026-01-18T11:23:34.000Z,2026-01-18,Sunday,11,@Blacko i hope this *email* finds you well 🙏,45,0,0,generic/unclear,generic/unclear
17875195872472033,https://www.instagram.com/p/DTWGdLaDbnP/,https://www.instagram.com/p/DTWGdLaDbnP/c/17875195872472033,2026-01-15T09:45:23.000Z,2026-01-15,Thursday,9,❤️,2,0,0,generic/unclear,generic/unclear
18444018955102320,https://www.instagram.com/p/DTWGdLaDbnP/,https://www.instagram.com/p/DTWGdLaDbnP/c/18444018955102320,2026-01-14T23:50:40.000Z,2026-01-14,Wednesday,23,👏👏👏👏,8,1,0,generic/unclear,generic/unclear
18096009454900203,https://www.instagram.com/p/DTWGdLaDbnP/,https://www.instagram.com/p/DTWGdLaDbnP/c/18096009454900203,2026-01-14T23:15:14.000Z,2026-01-14,Wednesday,23,🔥🔥🔥🔥,8,1,0,generic/unclear,generic/unclear
18086196587120266,https://www.instagram.com/p/DTWGdLaDbnP/,https://www.instagram.com/p/DTWGdLaDbnP/c/18086196587120266,2026-01-14T18:07:02.000Z,2026-01-14,Wednesday,18,❤️❤️❤️,6,0,0,generic/unclear,generic/unclear
18137233186433245,https://www.instagram.com/p/DTmIxc1CFcO/,https://www.instagram.com/p/DTmIxc1CFcO/c/18137233186433245,2026-01-18T08:18:56.000Z,2026-01-18,Sunday,8,✨,1,1,0,generic/unclear,generic/unclear
17919847683245334,https://www.instagram.com/p/DTmIxc1CFcO/,https://www.instagram.com/p/DTmIxc1CFcO/c/17919847683245334,2026-01-18T07:55:40.000Z,2026-01-18,Sunday,7,🔥🔥❤️,6,1,0,generic/unclear,generic/unclear
18163548244393930,https://www.instagram.com/p/DTmIxc1CFcO/,https://www.instagram.com/p/DTmIxc1CFcO/c/18163548244393930,2026-01-18T00:34:54.000Z,2026-01-18,Sunday,0,A shining star 🌟,17,2,0,generic/unclear,generic/unclear
17933605608157501,https://www.instagram.com/p/DTmIxc1CFcO/,https://www.instagram.com/p/DTmIxc1CFcO/c/17933605608157501,2026-01-17T20:28:40.000Z,2026-01-17,Saturday,20,A journey of an artist is always different ✨️,45,2,0,generic/unclear,generic/unclear
18074309795371402,https://www.instagram.com/p/DTmIxc1CFcO/,https://www.instagram.com/p/DTmIxc1CFcO/c/18074309795371402,2026-01-17T13:05:14.000Z,2026-01-17,Saturday,13,A star,6,2,0,generic/unclear,generic/unclear
18524286931066100,https://www.instagram.com/p/DTmIxc1CFcO/,https://www.instagram.com/p/DTmIxc1CFcO/c/18524286931066100,2026-01-17T12:30:44.000Z,2026-01-17,Saturday,12,😍😍,4,2,0,generic/unclear,generic/unclear
18089620634057493,https://www.instagram.com/p/DTmIxc1CFcO/,https://www.instagram.com/p/DTmIxc1CFcO/c/18089620634057493,2026-01-17T05:29:39.000Z,2026-01-17,Saturday,5,🔥❤️,4,1,0,generic/unclear,generic/unclear
18087681164136238,https://www.instagram.com/p/DTNkDUuDV7d/,https://www.instagram.com/p/DTNkDUuDV7d/c/18087681164136238,2026-01-07T15:44:21.000Z,2026-01-07,Wednesday,15,Yooooh looking forward!,23,1,0,generic/unclear,generic/unclear
18086796548118932,https://www.instagram.com/p/DTNkDUuDV7d/,https://www.instagram.com/p/DTNkDUuDV7d/c/18086796548118932,2026-01-07T14:02:10.000Z,2026-01-07,Wednesday,14,Not long now! Can’t wait!! 🙌,29,1,0,service issue/complaint,service issue/complaint
17901593028214909,https://www.instagram.com/p/DMDODdDIl7R/,https://www.instagram.com/p/DMDODdDIl7R/c/17901593028214909,2025-07-17T23:21:48.000Z,2025-07-17,Thursday,23,Love this! 🔥❤️,15,0,0,date-night/romantic ambience,date-night/romantic ambience; generic praise
17982448523845018,https://www.instagram.com/p/DMDODdDIl7R/,https://www.instagram.com/p/DMDODdDIl7R/c/17982448523845018,2025-07-14T03:18:56.000Z,2025-07-14,Monday,3,a time was had,14,1,0,generic/unclear,generic/unclear
18140035930414426,https://www.instagram.com/p/DMDODdDIl7R/,https://www.instagram.com/p/DMDODdDIl7R/c/18140035930414426,2025-07-13T17:55:05.000Z,2025-07-13,Sunday,17,Yes please,10,1,0,generic/unclear,generic/unclear
17966427716938126,https://www.instagram.com/p/DMDODdDIl7R/,https://www.instagram.com/p/DMDODdDIl7R/c/17966427716938126,2025-07-13T16:05:48.000Z,2025-07-13,Sunday,16,TIL NEXT CUP! ☕️🫶🏾,20,1,0,generic/unclear,generic/unclear
18060244577206791,https://www.instagram.com/p/DMDODdDIl7R/,https://www.instagram.com/p/DMDODdDIl7R/c/18060244577206791,2025-07-13T15:32:19.000Z,2025-07-13,Sunday,15,🔥🔥 Run it back!,17,1,0,generic/unclear,generic/unclear
18103845598558556,https://www.instagram.com/p/DMDODdDIl7R/,https://www.instagram.com/p/DMDODdDIl7R/c/18103845598558556,2025-07-13T14:50:37.000Z,2025-07-13,Sunday,14,If ya didn’t pull up ya better keep your eyes wide opennnnn🙂‍↔️🙂‍↔️,69,3,0,generic/unclear,generic/unclear
18006793688782495,https://www.instagram.com/p/DMDODdDIl7R/,https://www.instagram.com/p/DMDODdDIl7R/c/18006793688782495,2025-07-13T14:29:09.000Z,2025-07-13,Sunday,14,Let’s goo 🚀🔥,14,3,0,generic/unclear,generic/unclear
18092126320538036,https://www.instagram.com/p/DHqrTt4iPp4/,https://www.instagram.com/p/DHqrTt4iPp4/c/18092126320538036,2025-06-12T06:51:10.000Z,2025-06-12,Thursday,6,🔥🔥,4,0,0,generic/unclear,generic/unclear
17918511885252566,https://www.instagram.com/p/DTYTzBijI1U/,https://www.instagram.com/p/DTYTzBijI1U/c/17918511885252566,2026-01-13T14:57:39.000Z,2026-01-13,Tuesday,14,👏🏽👏🏽👏🏽,12,0,0,generic/unclear,generic/unclear
18085911926327462,https://www.instagram.com/p/DTYTzBijI1U/,https://www.instagram.com/p/DTYTzBijI1U/c/18085911926327462,2026-01-11T19:16:08.000Z,2026-01-11,Sunday,19,You are phenomenal too. Your shots are great,44,1,0,menu/food curiosity,menu/food curiosity; generic praise
18050312380843534,https://www.instagram.com/p/DDFNC6lCJqJ/,https://www.instagram.com/p/DDFNC6lCJqJ/c/18050312380843534,2024-12-03T10:52:22.000Z,2024-12-03,Tuesday,10,I’m in this video ☺️ This was such a fun night!,47,2,0,generic/unclear,generic/unclear
17962754474978282,https://www.instagram.com/p/DNQSqkYsJ0i/,https://www.instagram.com/p/DNQSqkYsJ0i/c/17962754474978282,2025-09-11T13:35:16.000Z,2025-09-11,Thursday,13,Is this happening tomorrow as well?,35,0,0,event interest,event interest
18316459210215314,https://www.instagram.com/p/DNQSqkYsJ0i/,https://www.instagram.com/p/DNQSqkYsJ0i/c/18316459210215314,2025-08-16T13:27:36.000Z,2025-08-16,Saturday,13,🔥🔥🔥🔥🩵🩵,12,0,0,generic/unclear,generic/unclear
18073726646008788,https://www.instagram.com/p/DNQSqkYsJ0i/,https://www.instagram.com/p/DNQSqkYsJ0i/c/18073726646008788,2025-08-15T23:41:14.000Z,2025-08-15,Friday,23,🔥,2,0,0,generic/unclear,generic/unclear
17853959868455264,https://www.instagram.com/p/DNQSqkYsJ0i/,https://www.instagram.com/p/DNQSqkYsJ0i/c/17853959868455264,2025-08-12T19:19:40.000Z,2025-08-12,Tuesday,19,👏👏👏👏👏👏,12,0,0,generic/unclear,generic/unclear
18075181106596417,https://www.instagram.com/p/DTYWwIHjCIw/,https://www.instagram.com/p/DTYWwIHjCIw/c/18075181106596417,2026-01-12T18:44:41.000Z,2026-01-12,Monday,18,Let’s do this again!!!!! 🔥🔥🔥🔥 @afroson1cx,45,1,0,generic/unclear,generic/unclear
17874006702399433,https://www.instagram.com/p/DTYWwIHjCIw/,https://www.instagram.com/p/DTYWwIHjCIw/c/17874006702399433,2026-01-12T17:49:30.000Z,2026-01-12,Monday,17,Shots 🔥🔥🔥,12,1,0,generic/unclear,generic/unclear
17949695025074408,https://www.instagram.com/p/DTYWwIHjCIw/,https://www.instagram.com/p/DTYWwIHjCIw/c/17949695025074408,2026-01-11T23:21:44.000Z,2026-01-11,Sunday,23,🫡🫀🌴,6,1,0,generic/unclear,generic/unclear
17952911241027208,https://www.instagram.com/p/DTYWwIHjCIw/,https://www.instagram.com/p/DTYWwIHjCIw/c/17952911241027208,2026-01-11T22:32:34.000Z,2026-01-11,Sunday,22,Mad mad👌🏾,11,0,0,generic/unclear,generic/unclear
18308893009248133,https://www.instagram.com/p/DTYWwIHjCIw/,https://www.instagram.com/p/DTYWwIHjCIw/c/18308893009248133,2026-01-11T20:16:08.000Z,2026-01-11,Sunday,20,🔥🔥🔥,6,2,0,generic/unclear,generic/unclear
18058221044661985,https://www.instagram.com/p/DTYWwIHjCIw/,https://www.instagram.com/p/DTYWwIHjCIw/c/18058221044661985,2026-01-11T20:11:32.000Z,2026-01-11,Sunday,20,🔥🔥🔥🔥,8,1,0,generic/unclear,generic/unclear
18062394671294718,https://www.instagram.com/p/DTYWwIHjCIw/,https://www.instagram.com/p/DTYWwIHjCIw/c/18062394671294718,2026-01-11T19:54:35.000Z,2026-01-11,Sunday,19,🔥amazing! Thankx for the beautiful Event!😍,44,1,0,event interest,event interest; positive ambience praise; generic praise
18065073167216461,https://www.instagram.com/p/DTYWwIHjCIw/,https://www.instagram.com/p/DTYWwIHjCIw/c/18065073167216461,2026-01-11T19:33:14.000Z,2026-01-11,Sunday,19,🙌🙌🙌,6,0,0,generic/unclear,generic/unclear
18371794273089176,https://www.instagram.com/p/DTYWwIHjCIw/,https://www.instagram.com/p/DTYWwIHjCIw/c/18371794273089176,2026-01-11T19:17:57.000Z,2026-01-11,Sunday,19,😍😍😍😍,8,1,0,generic/unclear,generic/unclear
18098749273890855,https://www.instagram.com/p/DTYWwIHjCIw/,https://www.instagram.com/p/DTYWwIHjCIw/c/18098749273890855,2026-01-11T19:09:35.000Z,2026-01-11,Sunday,19,❤️,2,1,0,generic/unclear,generic/unclear
18089328596003887,https://www.instagram.com/p/DTYWwIHjCIw/,https://www.instagram.com/p/DTYWwIHjCIw/c/18089328596003887,2026-01-11T19:03:48.000Z,2026-01-11,Sunday,19,🔥🔥🔥,6,1,0,generic/unclear,generic/unclear
18074043131601977,https://www.instagram.com/p/DSFMv3ZDLbO/,https://www.instagram.com/p/DSFMv3ZDLbO/c/18074043131601977,2025-12-26T21:41:02.000Z,2025-12-26,Friday,21,🔥🔥🔥❤️,8,0,0,generic/unclear,generic/unclear
18081021968154334,https://www.instagram.com/p/DSFMv3ZDLbO/,https://www.instagram.com/p/DSFMv3ZDLbO/c/18081021968154334,2025-12-13T01:46:13.000Z,2025-12-13,Saturday,1,that is nice 👏,15,0,0,generic praise,generic praise
18058396124248107,https://www.instagram.com/p/DKnAl-vOeT_/,https://www.instagram.com/p/DKnAl-vOeT_/c/18058396124248107,2025-06-26T13:43:10.000Z,2025-06-26,Thursday,13,😍❤️,4,0,0,generic/unclear,generic/unclear
18076251826912798,https://www.instagram.com/p/DKnAl-vOeT_/,https://www.instagram.com/p/DKnAl-vOeT_/c/18076251826912798,2025-06-25T10:27:25.000Z,2025-06-25,Wednesday,10,I hope you come back again soon 😍,34,1,0,generic/unclear,generic/unclear
17967334958912615,https://www.instagram.com/p/DKnAl-vOeT_/,https://www.instagram.com/p/DKnAl-vOeT_/c/17967334958912615,2025-06-08T03:16:29.000Z,2025-06-08,Sunday,3,🔥🔥,4,1,0,generic/unclear,generic/unclear
18065673395112982,https://www.instagram.com/p/DKnAl-vOeT_/,https://www.instagram.com/p/DKnAl-vOeT_/c/18065673395112982,2025-06-08T02:53:13.000Z,2025-06-08,Sunday,2,Suchhhh a beauty❤️❤️ thanks for sharing with us ❤️,50,1,0,generic/unclear,generic/unclear
18066907286029732,https://www.instagram.com/p/DKnAl-vOeT_/,https://www.instagram.com/p/DKnAl-vOeT_/c/18066907286029732,2025-06-07T23:12:58.000Z,2025-06-07,Saturday,23,Beautiful,9,1,0,positive ambience praise,positive ambience praise
18041549255655596,https://www.instagram.com/p/DOGh0AXjO7k/,https://www.instagram.com/p/DOGh0AXjO7k/c/18041549255655596,2025-09-09T20:45:29.000Z,2025-09-09,Tuesday,20,Hello 🤩,8,0,0,generic/unclear,generic/unclear
18340399270234938,https://www.instagram.com/p/DTg9vFniCRV/,https://www.instagram.com/p/DTg9vFniCRV/c/18340399270234938,2026-01-15T21:50:27.000Z,2026-01-15,Thursday,21,Bring them back please ❤️,25,0,0,generic/unclear,generic/unclear
18055522127662417,https://www.instagram.com/p/DTg9vFniCRV/,https://www.instagram.com/p/DTg9vFniCRV/c/18055522127662417,2026-01-15T19:17:52.000Z,2026-01-15,Thursday,19,🔥🔥🔥,6,0,0,generic/unclear,generic/unclear
17869841559531925,https://www.instagram.com/p/DTg9vFniCRV/,https://www.instagram.com/p/DTg9vFniCRV/c/17869841559531925,2026-01-15T10:45:25.000Z,2026-01-15,Thursday,10,🔥,2,1,0,generic/unclear,generic/unclear
18087376819542294,https://www.instagram.com/p/DEFdW_5o6wY/,https://www.instagram.com/p/DEFdW_5o6wY/c/18087376819542294,2025-01-01T13:18:31.000Z,2025-01-01,Wednesday,13,😮🔥🔥,6,0,0,generic/unclear,generic/unclear
18018295004642893,https://www.instagram.com/p/DEFdW_5o6wY/,https://www.instagram.com/p/DEFdW_5o6wY/c/18018295004642893,2024-12-30T16:57:36.000Z,2024-12-30,Monday,16,Wish I was there!,17,0,0,generic/unclear,generic/unclear
17960854181730056,https://www.instagram.com/p/DEFdW_5o6wY/,https://www.instagram.com/p/DEFdW_5o6wY/c/17960854181730056,2024-12-27T18:50:52.000Z,2024-12-27,Friday,18,🔥🔥🔥,6,0,0,generic/unclear,generic/unclear
17845871226383878,https://www.instagram.com/p/DEFdW_5o6wY/,https://www.instagram.com/p/DEFdW_5o6wY/c/17845871226383878,2024-12-27T15:33:38.000Z,2024-12-27,Friday,15,🔥,2,0,0,generic/unclear,generic/unclear
17912628162052042,https://www.instagram.com/p/DEFdW_5o6wY/,https://www.instagram.com/p/DEFdW_5o6wY/c/17912628162052042,2024-12-27T15:23:47.000Z,2024-12-27,Friday,15,🔥🔥🔥❤️🙌,10,0,0,generic/unclear,generic/unclear
18487563907002822,https://www.instagram.com/p/DEFdW_5o6wY/,https://www.instagram.com/p/DEFdW_5o6wY/c/18487563907002822,2024-12-27T15:09:19.000Z,2024-12-27,Friday,15,🔥🔥🔥,6,0,0,generic/unclear,generic/unclear
18118531015419098,https://www.instagram.com/p/DEFdW_5o6wY/,https://www.instagram.com/p/DEFdW_5o6wY/c/18118531015419098,2024-12-27T14:56:21.000Z,2024-12-27,Friday,14,"Views, Vibes and impeccable videography 🥳🔥",44,0,0,positive ambience praise,positive ambience praise
18026509220294634,https://www.instagram.com/p/DEFdW_5o6wY/,https://www.instagram.com/p/DEFdW_5o6wY/c/18026509220294634,2024-12-27T14:49:07.000Z,2024-12-27,Friday,14,🔥🔥🔥,6,0,0,generic/unclear,generic/unclear
17912847969047351,https://www.instagram.com/p/DEFdW_5o6wY/,https://www.instagram.com/p/DEFdW_5o6wY/c/17912847969047351,2024-12-27T14:40:51.000Z,2024-12-27,Friday,14,Insane vibe and edit ❤️🔥#detty,31,0,0,positive ambience praise,positive ambience praise
17941027595840183,https://www.instagram.com/p/DF-h8-Ti51M/,https://www.instagram.com/p/DF-h8-Ti51M/c/17941027595840183,2025-02-13T13:41:25.000Z,2025-02-13,Thursday,13,Location?,9,0,0,location/access question,location/access question
18009037859697472,https://www.instagram.com/p/DVyiMbpiIkL/,https://www.instagram.com/p/DVyiMbpiIkL/c/18009037859697472,2026-03-28T14:05:08.000Z,2026-03-28,Saturday,14,I don’t see any black person in this advert. Why?,49,0,0,generic/unclear,generic/unclear
18101302537720142,https://www.instagram.com/p/DLAi1YBsAZs/,https://www.instagram.com/p/DLAi1YBsAZs/c/18101302537720142,2025-10-03T22:46:19.000Z,2025-10-03,Friday,22,😍😍😍,6,0,0,generic/unclear,generic/unclear
18071782735792761,https://www.instagram.com/p/DLAi1YBsAZs/,https://www.instagram.com/p/DLAi1YBsAZs/c/18071782735792761,2025-06-22T06:03:39.000Z,2025-06-22,Sunday,6,🙌🙌🙌🙌🙌🔥🔥🔥🔥🔥🔥,22,0,0,generic/unclear,generic/unclear
18106761955513530,https://www.instagram.com/p/DLAi1YBsAZs/,https://www.instagram.com/p/DLAi1YBsAZs/c/18106761955513530,2025-06-21T13:51:13.000Z,2025-06-21,Saturday,13,Lovessssd,9,1,0,date-night/romantic ambience,date-night/romantic ambience; generic praise
18148496113382194,https://www.instagram.com/p/DLAi1YBsAZs/,https://www.instagram.com/p/DLAi1YBsAZs/c/18148496113382194,2025-06-19T22:45:43.000Z,2025-06-19,Thursday,22,❤️❤️,4,0,0,generic/unclear,generic/unclear
17919278895097631,https://www.instagram.com/p/DLAi1YBsAZs/,https://www.instagram.com/p/DLAi1YBsAZs/c/17919278895097631,2025-06-19T13:19:10.000Z,2025-06-19,Thursday,13,Do over! 🔥,11,0,0,generic/unclear,generic/unclear
18360530683145803,https://www.instagram.com/p/DLAi1YBsAZs/,https://www.instagram.com/p/DLAi1YBsAZs/c/18360530683145803,2025-06-18T10:52:55.000Z,2025-06-18,Wednesday,10,🙌🙌🙌🙌,8,1,0,generic/unclear,generic/unclear
18074488966935653,https://www.instagram.com/p/DLAi1YBsAZs/,https://www.instagram.com/p/DLAi1YBsAZs/c/18074488966935653,2025-06-17T22:14:28.000Z,2025-06-17,Tuesday,22,🔥🔥🔥🔥,8,2,0,generic/unclear,generic/unclear
18082218283770584,https://www.instagram.com/p/DLAi1YBsAZs/,https://www.instagram.com/p/DLAi1YBsAZs/c/18082218283770584,2025-06-17T21:49:29.000Z,2025-06-17,Tuesday,21,Everywhere 🙌,13,1,0,location/access question,location/access question
18073726367312642,https://www.instagram.com/p/DLAi1YBsAZs/,https://www.instagram.com/p/DLAi1YBsAZs/c/18073726367312642,2025-06-17T21:15:15.000Z,2025-06-17,Tuesday,21,what a day 🙌🥳🫡,17,1,0,generic/unclear,generic/unclear
18075263143928399,https://www.instagram.com/p/DLAi1YBsAZs/,https://www.instagram.com/p/DLAi1YBsAZs/c/18075263143928399,2025-06-17T21:12:56.000Z,2025-06-17,Tuesday,21,😍😍,4,2,0,generic/unclear,generic/unclear
18369290287126962,https://www.instagram.com/p/DLAi1YBsAZs/,https://www.instagram.com/p/DLAi1YBsAZs/c/18369290287126962,2025-06-17T20:12:50.000Z,2025-06-17,Tuesday,20,So hard 🔥,10,2,0,generic/unclear,generic/unclear
17920640541097041,https://www.instagram.com/p/DLAi1YBsAZs/,https://www.instagram.com/p/DLAi1YBsAZs/c/17920640541097041,2025-06-17T19:39:18.000Z,2025-06-17,Tuesday,19,🤍🤍,4,2,0,generic/unclear,generic/unclear
17859244956434261,https://www.instagram.com/p/DLAi1YBsAZs/,https://www.instagram.com/p/DLAi1YBsAZs/c/17859244956434261,2025-06-17T19:30:22.000Z,2025-06-17,Tuesday,19,Where should the next one be?☕️🏄🏻‍♂️,38,1,0,location/access question,location/access question
18060846787973657,https://www.instagram.com/p/DLAi1YBsAZs/,https://www.instagram.com/p/DLAi1YBsAZs/c/18060846787973657,2025-06-17T19:17:45.000Z,2025-06-17,Tuesday,19,Let’s rideee🏄‍♂️🔥,19,2,0,generic/unclear,generic/unclear
18064022714154361,https://www.instagram.com/p/DLAi1YBsAZs/,https://www.instagram.com/p/DLAi1YBsAZs/c/18064022714154361,2025-06-17T19:00:16.000Z,2025-06-17,Tuesday,19,Crazy dey,9,1,0,generic/unclear,generic/unclear
,https://www.instagram.com/p/DJJoEtFCxh_/,,,,,,,0,0,0,generic/unclear,generic/unclear
,https://www.instagram.com/p/DIB2cnDCk28/,,,,,,,0,0,0,generic/unclear,generic/unclear
,https://www.instagram.com/p/DHBelZACkVf/,,,,,,,0,0,0,generic/unclear,generic/unclear
,https://www.instagram.com/p/DYhwSa6saZL/,,,,,,,0,0,0,generic/unclear,generic/unclear
,https://www.instagram.com/p/DNn3u9_Mt6A/,,,,,,,0,0,0,generic/unclear,generic/unclear
18073001641894262,https://www.instagram.com/p/DN7_M4B2HMT/,https://www.instagram.com/p/DN7_M4B2HMT/c/18073001641894262,2025-09-04T13:34:12.000Z,2025-09-04,Thursday,13,Thank you,9,0,0,generic/unclear,generic/unclear
18063936299033345,https://www.instagram.com/p/DN7_M4B2HMT/,https://www.instagram.com/p/DN7_M4B2HMT/c/18063936299033345,2025-09-04T07:47:55.000Z,2025-09-04,Thursday,7,Can't see your location,23,0,0,location/access question,location/access question
17996671289820055,https://www.instagram.com/p/DN7_M4B2HMT/,https://www.instagram.com/p/DN7_M4B2HMT/c/17996671289820055,2025-09-02T13:06:52.000Z,2025-09-02,Tuesday,13,"PROPERTY FOR SALE Property Highlights • Spacious living & dining area • 4 en-suite bedrooms with fitted cabinets • Fully air-conditioned rooms & water heaters • Baicony with glass railing for relaxation • Security features: automatic gate & CCTV • Reliable water system with polytank Document Registered Title Leasehold Remain (88 Years). Price: $300,000 Location. OGBOJO Call /Whatsapp. +233537435123",401,0,0,menu/food curiosity,menu/food curiosity; price/value concern; location/access question
17923373769130832,https://www.instagram.com/p/DN7_M4B2HMT/,https://www.instagram.com/p/DN7_M4B2HMT/c/17923373769130832,2025-09-02T12:59:16.000Z,2025-09-02,Tuesday,12,"@followers 2025 DETTY DECEMBER IN GHANA _Afrofure🇬🇭🇬🇭🇬🇭27TH DECE,2025-3TH JAN,2026. We can tailor your itinerary to suit your all your various needs. Book your spot today! Visit our website 👉https://osumanutours.com/ to select any of the experiences or send us an email at info@osumanutours.com and WhatsApp +233546133554 with various activities you want to do, and we will make you love Africa!",402,0,0,booking/reservation intent,booking/reservation intent; date-night/romantic ambience; generic praise
17963803802816206,https://www.instagram.com/p/DN7_M4B2HMT/,https://www.instagram.com/p/DN7_M4B2HMT/c/17963803802816206,2025-09-01T21:20:45.000Z,2025-09-01,Monday,21,Tell your chef we said hi,25,0,0,generic/unclear,generic/unclear
