id,content_type,instagram_type,product_type,url,shortcode,timestamp,date,day_of_week,hour_utc,caption,caption_length,hashtag_count,hashtags,mention_count,mentions,likes,comments,views,owner_username,pillar,engagement_score
3907143088858102054,mention,Sidecar,carousel_container,https://www.instagram.com/p/DY49fA6Ankm/,DY49fA6Ankm,2026-05-28T17:02:53.000Z,2026-05-28,Thursday,17,"📍Treehouse Restaurant A premium dining gem in Accra where nature meets elegance beneath a stunning fairy-lit tree. From exquisite cuisine to soulful live music, it’s the perfect escape for romantic dates, lively hangouts, and unforgettable nights under the stars. Visit @treehousegh #highlights #everyone #tourism #eatery",322,4,highlights everyone tourism eatery,1,treehousegh,6,1,0,gozey_emmanuel,food,11
3904736505715798058,mention,Video,clips,https://www.instagram.com/p/DYwaSnssLAq/,DYwaSnssLAq,2026-05-25T09:28:18.000Z,2026-05-25,Monday,9,"To be cute, fabulous & West African 🤎🤎🤎 Spend Sunday with me as I have a slow morning, check out a pop up, have cocktails then continue the wedding celebration at a luncheon with The OGs ❤️ #spendthedaywithme Dress: @andreaiyamah Hair: @theybstudio",251,1,spendthedaywithme,2,andreaiyamah theybstudio,108,24,1122,misssilverspoon,cocktails/drinks,239.22
3899601389026651753,mention,Sidecar,carousel_container,https://www.instagram.com/p/DYeKs1mja5p/,DYeKs1mja5p,2026-05-18T07:18:52.000Z,2026-05-18,Monday,7,VALORCITY- The City That Runs (TCTR)🏃‍♂️,41,0,,0,,71,0,0,valorcitywc,general brand/content,71
3897447060470054438,mention,Video,clips,https://www.instagram.com/p/DYWg3OyNT4m/,DYWg3OyNT4m,2026-05-15T08:02:51.000Z,2026-05-15,Friday,8,"There are most beautiful reasons why the Prestigious Flag of Valorcity Club will go up high, and obviously this is one of them. Couples that workout out together, ofcourse, stay together. Hope you coming with yours on the next run😀😀🫶🫶❤️❤️❤️🎉🎉🎉🎉 #valorcity #spintexrunners #lacoastrunclub #eastcornerrunclub #runnershigh",327,5,valorcity spintexrunners lacoastrunclub eastcornerrunclub runnershigh,0,,59,0,1808,valorcitywc,ambience/decor/vibe,77.08
3897027660948481847,mention,Video,clips,https://www.instagram.com/p/DYVBgKitKc3/,DYVBgKitKc3,2026-05-14T18:05:00.000Z,2026-05-14,Thursday,18,Structured Elegance with Timeless Flair. RTW Dresses - : @awula.by.aaley | @aaley_modiste 1. Yoomli Set 2. Teky Dress 3. Naa to Dress | Earrings - @cheeryconcepts 📍- @treehousegh 🎥 - @randy_derykk #fashiongirlie #ProudlyGhanaian #rtw,235,3,fashiongirlie proudlyghanaian rtw,5,awula.by.aaley aaley_modiste cheeryconcepts treehousegh randy_derykk,2627,55,36455,officialsikaosei,general brand/content,3266.55
3895527268196624390,mention,Video,clips,https://www.instagram.com/p/DYPsWk5tSgG/,DYPsWk5tSgG,2026-05-12T16:29:37.000Z,2026-05-12,Tuesday,16,"At Valorcity, we Value Community. Under the umbrella of a community, nurturing starts and growth is achieved. A community stands as one to uplift and embrace all levels of humanity. Thats what we stand for!! 🫶🫶🫶🫶❤️❤️❤️🏃‍♂️🏃‍♂️🏃‍♂️🏃‍♂️ A big Thank You to our Core Partners @treehousegh @mpharmamutti",306,0,,2,treehousegh mpharmamutti,64,1,4039,valorcitywc,price/value,109.39
3890576078392503400,mention,Video,clips,https://www.instagram.com/p/DX-GlSEN6xo/,DX-GlSEN6xo,2026-05-05T20:28:51.000Z,2026-05-05,Tuesday,20,Everyone is Warming up gently for 9th. Get your gears READY🏃‍♂️🏃‍♂️🏃‍♂️🏃‍♂️,79,0,,0,,16,1,378,valorcitywc,general brand/content,24.78
3893903121020502919,mention,Video,clips,https://www.instagram.com/p/DYJ7EH-NkOH/,DYJ7EH-NkOH,2026-05-10T10:39:52.000Z,2026-05-10,Sunday,10,"On this Beautiful day, we intentionally want to celebrate all women. Happy Mothers day. Without mothers or women, life would have been boring😀😀❤️❤️🤝🤝🏃‍♂️🏃‍♂️🏃‍♂️ #happymothersday",185,1,happymothersday,0,,48,1,1193,valorcitywc,ambience/decor/vibe,64.93
3894207245840075657,mention,Sidecar,carousel_container,https://www.instagram.com/p/DYLANuSDMuJ/,DYLANuSDMuJ,2026-05-10T20:41:40.000Z,2026-05-10,Sunday,20,Had an amazing time capturing the energy and passion of Run Club @valorcitywc @treehousegh this weekend! 🏃‍♂️💨 Such a great community of runners pushing each other to new heights. Photos by @kwamekaydee #kwamekaydee #runclub #accra #marathon,243,4,kwamekaydee runclub accra marathon,3,valorcitywc treehousegh kwamekaydee,126,3,0,kwamekaydee,food,141
3892503865067813196,mention,Video,clips,https://www.instagram.com/p/DYE86RUM7lM/,DYE86RUM7lM,2026-05-08T12:24:32.000Z,2026-05-08,Friday,12,"Everyone at the Accra mixer made sure to show up and show out 💫🇬🇭 From industry leaders, cultural tastemakers, and the next generation of African creatives, we gathered on the Gold Coast for a night that reminded us exactly why this city is like no other. 📌 As the sun went down we made our way to @treehousegh for spectacular live performances from @lasmidofficial1 @veolagram , @siicie_ and @iamjubed_ presented by the family at @audiomack while cocktails circled the room courtesy of @hennessy as they kept the energy flowing. Accra displayed the kind of honest, electric conversation between people who are genuinely building something together. New connections were made, ideas were exchanged, and the night carried on the way only Accra knows how. 🍸🌴 🎥 | @iamjunie07",779,0,,8,treehousegh lasmidofficial1 veolagram siicie_ iamjubed_ audiomack hennessy iamjunie07,81,1,1770,africahousemembersclub,food,103.7
3891252639061168120,mention,Sidecar,carousel_container,https://www.instagram.com/p/DYAgaiSis_4/,DYAgaiSis_4,2026-05-06T18:51:24.000Z,2026-05-06,Wednesday,18,25’DEC EWG - @ewg.summit DAAKYE POP - @yoli_koomson ACCRA FASHION WEEK - @accrafashionweek (meet the designers),111,0,,3,ewg.summit yoli_koomson accrafashionweek,-1,0,0,biggyeboah,location/parking/access,-1
3890449226415528024,mention,Video,clips,https://www.instagram.com/p/DX9pvV9MNhY/,DX9pvV9MNhY,2026-05-05T16:18:53.000Z,2026-05-05,Tuesday,16,"Accra , you made sure to turn up and bring the city outside for this unforgettable activation !☀️🌴🇬🇭 Africa House introduced our Open House segment, our very own mentorship and knowledge sharing platform within Africa House, where we connected established industry leaders with the next generation of emerging talent, for insightful mentor sessions and an overall panel discussion over the current African creative landscape🌍📌 In the second leg of our program, we went over to @treehousegh for a special mixer that was highlighted by the live performances by the family over at @audiomack serving as the soundtrack to our night, alongside the special cocktails flowing through the event courtesy of @hennessy 🍸🎼 A big thank you to all our mentors for joining us for our Open House segment🧡: @rooky_rider @davidalabo @maxwelladjavon @charlotte_bwana As well as @rain_labs for partnering with us throughout the activation as we set the city alight over the past weekend🫂🧡! Africa House is global - home is wherever we gather. See you there. 🌴 🎥 | @iamjunie07",1068,0,,9,treehousegh audiomack hennessy rooky_rider davidalabo maxwelladjavon charlotte_bwana rain_labs iamjunie07,124,4,2249,africahousemembersclub,food,166.49
3886825227894865137,mention,Video,clips,https://www.instagram.com/p/DXwxvOUszzx/,DXwxvOUszzx,2026-04-30T16:15:29.000Z,2026-04-30,Thursday,16,"Step into culture. Step into confidence. Step into DOMOD AFRIKA. Join us at @nyanibamarket this 2nd May and discover our best-selling statement pieces: ✨ SAHARA FRINGES BOUBOU — bold, flowing, unforgettable ✨ IMANI BOUBOU — faith in your origins, pride in your identity And many more pieces crafted to make you feel powerful, seen, and unforgettable. This is more than shopping… It’s an experience. It’s a connection. It’s YOU. 🗓 2 May 2026 ⏰ 9AM – 5PM 📍 Nyaniba Market, Osu @treehousegh Come early or get in touch with us: +233261705790 Limited pieces!!!!! #DomodAfrika #AccraPopUp #NyanibaMarket #kenten #AfricanFashion Song: Love Ghana by @deonboakye",655,5,domodafrika accrapopup nyanibamarket kenten africanfashion,3,nyanibamarket treehousegh deonboakye,10,3,559,domodafrika1,date night/romance,30.59
3875869570376535186,mention,Sidecar,carousel_container,https://www.instagram.com/p/DXJ2tbKCgyS/,DXJ2tbKCgyS,2026-04-15T13:27:59.000Z,2026-04-15,Wednesday,13,"We set out last year to build a truly unique set for #AtaléFashionParty25 by @entertainment.weekgh to symbolize beauty emerging out of our imperfectly perfect reality in Africa with striking red hues projecting tears , strength ,fight , blood and how creativity has brought us thus far . We can’t wait to build another beautiful set for the amazing designers for 2026 ! #LetsQit #qafrica #FashionParty #Ghana",408,5,ataléfashionparty25 letsqit qafrica fashionparty ghana,1,entertainment.weekgh,-1,0,0,qafrica.co,food,-1
3869931211162768913,mention,Video,clips,https://www.instagram.com/p/DW0we7KjdYR/,DW0we7KjdYR,2026-04-07T08:51:35.000Z,2026-04-07,Tuesday,8,"Throwback to our 2025 winners experience brought to you by @centralhotelgh and @eatonetwork 🇬🇭✨ Not only did Tamara experience Ghanaian food culture the EATO way… she attended a fashion show, stepped into African fashion, and yes — Beenie Man was there 👀🔥 This is more than a trip. It’s access. It’s culture. It’s a moment. And 2026? It’s going to be even bigger. If you want to experience Ghana the EATO way… you know what to do 💛 Enter now. Link in bio. #ghanatiktok #visitghana #africanfashion #winatrip #softlife",521,5,ghanatiktok visitghana africanfashion winatrip softlife,2,centralhotelgh eatonetwork,-1,0,427,eatonetwork,food,3.27
3866702548551388178,mention,Video,clips,https://www.instagram.com/p/DWpSXsygMwS/,DWpSXsygMwS,2026-04-02T22:32:00.000Z,2026-04-02,Thursday,22,"Grab a pack (or two or three) of Kawa Moka at the lovingly designed and carefully curated @kentenaccra Kenten store at the Nyaniba Market, @treehousegh Treehouse. And of course, you can’t leave without grabbing a slice of premium dessert from @gerrys.bakes . Ask for the quiche lorraine, thank me later. Quality roasted, sourced and packaged “made in Ghana” coffee, now even closer to you. #ghanamade #coffeeblog #explore #reel",427,4,ghanamade coffeeblog explore reel,3,kentenaccra treehousegh gerrys.bakes,16,0,639,kawa_moka,food,22.39
3860086395373726877,mention,Video,clips,https://www.instagram.com/p/DWRyB_-kayd/,DWRyB_-kayd,2026-03-24T18:53:46.000Z,2026-03-24,Tuesday,18,Building a Luxury Treehouse in 15 Seconds 🌳🏡 | From Scratch to Finish,71,0,,0,,0,0,356,masteronah,general brand/content,3.56
3838208006391965346,mention,Video,clips,https://www.instagram.com/p/DVEDdibDaai/,DVEDdibDaai,2026-02-22T14:25:29.000Z,2026-02-22,Sunday,14,Can’t wait to do this all again next year! If you missed out - don’t let it happen twice! Who do you want to see at AFROSON1C X 2027?? Comment below ✍️ #afx2026 #futureofmusic #accra #ghana 🎥 @crayture,202,4,afx2026 futureofmusic accra ghana,1,crayture,52,11,1063,afroson1cx,events/live music/DJ,117.63
3830969102307844391,mention,Video,clips,https://www.instagram.com/p/DUqVhnojmEn/,DUqVhnojmEn,2026-02-12T14:39:14.000Z,2026-02-12,Thursday,14,Great conversations deserve great meals. Enjoy the Treehouse experience and get GHS 200 discount when you tap to pay with your First National Bank Visa debit card. #LoveDontCostAThing #FNB,188,2,lovedontcostathing fnb,0,,5,0,253,firstnationalbankgh,food,7.53
3828726794900278042,mention,Video,clips,https://www.instagram.com/p/DUiXrwIDQsa/,DUiXrwIDQsa,2026-02-09T12:27:17.000Z,2026-02-09,Monday,12,AFROSON1C X 2026 - as seen by @brakutz Looking forward to 2027 already! #afx2026 #futureofmusic #accra,102,3,afx2026 futureofmusic accra,1,brakutz,57,4,1116,afroson1cx,events/live music/DJ,88.16
3827227982797533116,mention,Sidecar,carousel_container,https://www.instagram.com/p/DUdC5KlFO-8/,DUdC5KlFO-8,2026-02-07T10:45:50.000Z,2026-02-07,Saturday,10,Ethereal 🤎 ما شاء الله-,24,0,,0,,-1,18,0,nazjenoir,general brand/content,89
