id,content_type,instagram_type,product_type,url,shortcode,timestamp,date,day_of_week,hour_utc,caption,caption_length,hashtag_count,hashtags,mention_count,mentions,likes,likes_missing,comments,views,views_missing,owner_username,pillar,engagement_score
3890576078392503400,reel,Video,clips,https://www.instagram.com/p/DX-GlSEN6xo/,DX-GlSEN6xo,2026-05-05T20:28:51.000Z,2026-05-05,Tuesday,20,Everyone is Warming up gently for 9th. Get your gears READY🏃‍♂️🏃‍♂️🏃‍♂️🏃‍♂️,79,0,,0,,16,false,1,321,false,valorcitywc,general brand/content,24.21
3864954145299834631,reel,Video,clips,https://www.instagram.com/p/DWjE1FXxScH/,DWjE1FXxScH,2026-03-31T12:00:23.000Z,2026-03-31,Tuesday,12,,0,0,,0,,11,false,0,1316,false,treehousegh,general brand/content,24.16
3448962797223444638,reel,Video,clips,https://www.instagram.com/p/C_dLWQECoCe/,C_dLWQECoCe,2024-09-03T13:00:12.000Z,2024-09-03,Tuesday,13,Start your weekend early with some jazz tunes from @bluejackets_cover every Thursday at 7pm! #reels #treehouse #explore #jazzmusic #jazz #restaurant #explore,157,6,reels treehouse explore jazzmusic jazz restaurant,1,bluejackets_cover,236,false,4,14790,false,treehousegh,events/live music/DJ,403.9
3900611124364682827,reel,Video,clips,https://www.instagram.com/p/DYhwSa6saZL/,DYhwSa6saZL,2026-05-19T16:45:51.000Z,2026-05-19,Tuesday,16,"When the dinner turns into a dance floor, you know its a good night #treehouserestaurant #lunch #dinner #goodfood",113,4,treehouserestaurant lunch dinner goodfood,0,,135,false,0,29331,false,treehousegh,food,428.31
3895527268196624390,reel,Video,clips,https://www.instagram.com/p/DYPsWk5tSgG/,DYPsWk5tSgG,2026-05-12T16:29:37.000Z,2026-05-12,Tuesday,16,"At Valorcity, we Value Community. Under the umbrella of a community, nurturing starts and growth is achieved. A community stands as one to uplift and embrace all levels of humanity. Thats what we stand for!! 🫶🫶🫶🫶❤️❤️❤️🏃‍♂️🏃‍♂️🏃‍♂️🏃‍♂️ A big Thank You to our Core Partners @treehousegh @mpharmamutti",306,0,,2,treehousegh mpharmamutti,54,false,1,2084,false,valorcitywc,price/value,79.84
3893903121020502919,reel,Video,clips,https://www.instagram.com/p/DYJ7EH-NkOH/,DYJ7EH-NkOH,2026-05-10T10:39:52.000Z,2026-05-10,Sunday,10,"On this Beautiful day, we intentionally want to celebrate all women. Happy Mothers day. Without mothers or women, life would have been boring😀😀❤️❤️🤝🤝🏃‍♂️🏃‍♂️🏃‍♂️ #happymothersday",185,1,happymothersday,0,,43,false,1,867,false,valorcitywc,ambience/decor/vibe,56.67
3836687726926365009,reel,Video,clips,https://www.instagram.com/p/DU-pyj1jAFR/,DU-pyj1jAFR,2026-02-20T12:00:57.000Z,2026-02-20,Friday,12,,0,0,,0,,22,false,0,2710,false,treehousegh,general brand/content,49.1
3828628967113115252,reel,Video,clips,https://www.instagram.com/p/DUiBcK5jEZ0/,DUiBcK5jEZ0,2026-02-09T09:10:54.000Z,2026-02-09,Monday,9,Love on the plate. Rhythm in the air. 🌹🎶 Treehouse Rhythms: Valentine’s Day Edition Featuring our special Vals-Day menu made for sharing ❤️ 📆 Saturday 14th February ⏰️ 7:00pm #treehouserestaurant #valentinesday #reels #explore,229,4,treehouserestaurant valentinesday reels explore,0,,22,false,0,1965,false,treehousegh,food,41.65
3849826066874141552,reel,Video,clips,https://www.instagram.com/p/DVtVGkbEotw/,DVtVGkbEotw,2026-03-10T15:05:07.000Z,2026-03-10,Tuesday,15,,0,0,,0,,11,false,0,269,false,treehousegh,general brand/content,13.69
3852813798984570446,reel,Video,clips,https://www.instagram.com/p/DV38byyMtZO/,DV38byyMtZO,2026-03-14T18:00:01.000Z,2026-03-14,Saturday,18,"Plates full 🍽, glasses clinking🥂, smiles everywhere. Tag a friend you're bringing over for lunch! #treehouserestaurant #goodfood #lunch #dinner",145,4,treehouserestaurant goodfood lunch dinner,0,,39,false,2,1863,false,treehousegh,food,67.63
3851291019258136843,reel,Video,clips,https://www.instagram.com/p/DVyiMbpiIkL/,DVyiMbpiIkL,2026-03-12T15:35:38.000Z,2026-03-12,Thursday,15,POV: You chose dinner at Treehouse Restaurant From the flames to your table. Book your table tonight! RSVP +233599400737,120,0,,0,,421,false,3,75177,false,treehousegh,dinner/nightlife,1187.77
3845479097724321190,reel,Video,clips,https://www.instagram.com/p/DVd4t17DD2m/,DVd4t17DD2m,2026-03-04T15:08:35.000Z,2026-03-04,Wednesday,15,"This Friday, it’s a special Independence Edition of Soul Fridays with @templegramme on the decks. Soul music. Signature dishes. Cocktails flowing. Celebrate Ghana in style with us. Tag your Friday crew & book your table now. RSVP +233599400737",243,0,,1,templegramme,35,false,0,1917,false,treehousegh,food,54.17
3812872825674194243,reel,Video,clips,https://www.instagram.com/p/DTqC6IsDN1D/,DTqC6IsDN1D,2026-01-18T15:27:11.000Z,2026-01-18,Sunday,15,"AFROSONIC was more than an event... it was a movement. Two locations. Multiple artists. Timeless sounds. From artists like 99Phaces to The Cavemen to highlife royalty Amakye Dede, the culture showed up and showed out!!",218,0,,0,,21,false,1,1721,false,treehousegh,events/live music/DJ,43.21
3133720472882087332,reel,Video,clips,https://www.instagram.com/p/Ct9Niq7gYWk/,Ct9Niq7gYWk,2023-06-26T14:11:31.000Z,2023-06-26,Monday,14,Get serenaded! Every Tuesday live music from the Blue Jackets Band! #LiveBand#LiveMusic,87,2,liveband livemusic,0,,488,false,1,66934,false,treehousegh,events/live music/DJ,1162.34
3811798858993275663,reel,Video,clips,https://www.instagram.com/p/DTmOt3RiJMP/,DTmOt3RiJMP,2026-01-17T03:56:37.000Z,2026-01-17,Saturday,3,captured moments : @afroson1cx @the.cavemen #throwback,54,1,throwback,2,afroson1cx the.cavemen,20,false,4,599,false,lenseit.gh,general brand/content,45.99
3807432197796423170,reel,Video,clips,https://www.instagram.com/p/DTWt2lICmYC/,DTWt2lICmYC,2026-01-11T03:17:35.000Z,2026-01-11,Sunday,3,Pitching it up to feel the groove. @the.cavemen @afroson1cx Follow @play.afro for more updates🔥🔥 #playafro #afrobeats #thecavemen #concerts #africa,149,5,playafro afrobeats thecavemen concerts africa,3,the.cavemen afroson1cx play.afro,0,true,0,569,false,play.afro,food,5.69
3811772717196662542,reel,Video,clips,https://www.instagram.com/p/DTmIxc1CFcO/,DTmIxc1CFcO,2026-01-17T03:07:18.000Z,2026-01-17,Saturday,3,Captured Moments last Saturday at @afroson1cx / @malaikurd 🙏🏽 : @ohhjshrn @elikemled @derrick_owusu_ansah @djtokaaa saxophone @musical_jerry_c @ji__mmy_ @niiamateycongas_ @enid_blekk @reynoldstgm & @ekko.ffori @afroson1cx @tomalexrussell @yakotomusic @niiquayemuses,267,0,,15,afroson1cx malaikurd ohhjshrn elikemled derrick_owusu_ansah djtokaaa musical_jerry_c ji__mmy_ niiamateycongas_ enid_blekk reynoldstgm ekko.ffori tomalexrussell yakotomusic niiquayemuses,64,false,12,1367,false,lenseit.gh,dinner/nightlife,137.67
3807258928380492239,reel,Video,clips,https://www.instagram.com/p/DTWGdLaDbnP/,DTWGdLaDbnP,2026-01-10T21:35:14.000Z,2026-01-10,Saturday,21,@malaikurd talks about her soothing performance at @afroson1cx and her dream collaboration with @blacksherif_ She spoke with @mark_motin #mx24gh #mxbreaks #afroson1cx #Accra2026 #AFX2026,186,5,mx24gh mxbreaks afroson1cx accra2026 afx2026,4,malaikurd afroson1cx blacksherif_ mark_motin,74,false,6,2351,false,mx24gh,events/live music/DJ,127.51
3807245921550202251,reel,Video,clips,https://www.instagram.com/p/DTWDf52jfWL/,DTWDf52jfWL,2026-01-10T21:11:39.000Z,2026-01-10,Saturday,21,"@malaikurd really set the standard at @afroson1cx this year, @treehousegh was pure energy, unreal vibes #mx24gh #mxbreaks #afroson1cx #Accra2026 #AFX2026",153,5,mx24gh mxbreaks afroson1cx accra2026 afx2026,3,malaikurd afroson1cx treehousegh,22,false,0,1221,false,mx24gh,ambience/decor/vibe,34.21
3807297163731240352,reel,Video,clips,https://www.instagram.com/p/DTWPJk2jYWg/,DTWPJk2jYWg,2026-01-10T22:50:39.000Z,2026-01-10,Saturday,22,"Massive energy,wild vocals w/ @tommywatomiwa at @afroson1cx inside @treehousegh Follow @play.afro for more updates 🔥🔥🔥 #playafro #afrobeats #party #afroson1cx #concert",170,5,playafro afrobeats party afroson1cx concert,4,tommywatomiwa afroson1cx treehousegh play.afro,0,true,0,906,false,play.afro,food,9.06
3807950571265861284,reel,Video,clips,https://www.instagram.com/p/DTYjt6CjCak/,DTYjt6CjCak,2026-01-11T20:25:36.000Z,2026-01-11,Sunday,20,Highlife legend Amakye Dede had the entire crowd dancing and singing along @afroson1cx,86,0,,1,afroson1cx,45,false,1,3324,false,treehousegh,general brand/content,83.24
3860607005413971831,reel,Video,clips,https://www.instagram.com/p/DWToZ33FZd3/,DWToZ33FZd3,2026-03-25T12:04:15.000Z,2026-03-25,Wednesday,12,,0,0,,0,,12,false,1,891,false,treehousegh,general brand/content,25.91
3807351302003519246,reel,Video,clips,https://www.instagram.com/p/DTWbdZDCm8O/,DTWbdZDCm8O,2026-01-11T00:36:57.000Z,2026-01-11,Sunday,0,@sisterdeborah front row at @afroson1cx happening @treehousegh Follow @play.afro for more updaes🔥🔥 #playafro #afrobeats #afroson1cx #concerts #dettydecember,158,5,playafro afrobeats afroson1cx concerts dettydecember,4,sisterdeborah afroson1cx treehousegh play.afro,0,true,1,2878,false,play.afro,food,33.78
3856257410604970817,reel,Video,clips,https://www.instagram.com/p/DWELa8Bk7NB/,DWELa8Bk7NB,2026-03-19T12:03:19.000Z,2026-03-19,Thursday,12,,0,0,,0,,4,false,0,487,false,treehousegh,general brand/content,8.87
3230893154164181117,reel,Video,clips,https://www.instagram.com/p/CzWcDSpMoh9/,CzWcDSpMoh9,2023-11-07T15:55:52.000Z,2023-11-07,Tuesday,15,Live music with us tonight at the #Treehouse. Come through and enjoy😊 #livemusic #liveband #musiclover #reels #explore #dinner,127,8,treehouse. livemusic liveband musiclover reels explore dinner treehouse,0,,194,false,1,6018,false,treehousegh,date night/romance,259.18
3800411388334909868,reel,Video,clips,https://www.instagram.com/p/DS9xgWyDSms/,DS9xgWyDSms,2026-01-01T10:51:37.000Z,2026-01-01,Thursday,10,"Win a holiday to Ghana Experience with EATO Day three in Ghana ✨ And this is where the experience really opened up. From stepping out into the city from @centralhotelgh to an evening surrounded by African creativity at the Atale Fashion Show hosted @treehousegh bold silhouettes, beautiful craftsmanship, and a room filled with confidence. If you’ve booked your stay in Accra and you’re wondering what to do beyond the usual, this is your sign. Discover events at @treehousegh all year round — rooted in culture, fashion and food, and always exactly where the energy is. This is what the Win a Holiday to Ghana experience with EATO is about. Not rushing. Not ticking boxes. But being present in the moments that make the city feel alive. And because experiences like this are better shared, we’ve extended the 2026 competition — not just for one winner, but for a group experience. ✨ Entries are just £2 (or the equivalent in your local currency). ✨ Or purchase the eCookbook and receive a complimentary entry. Whether it’s your first time in Ghana, or you’re ready to return and experience it differently — this is your invitation. More to come. Kiss kiss. WinAHolidayToGhana #EATOCommunity #eatO #AccraDecember #DecemberInGhana #AccraLife #CentralHotelRidge #AfricanCreatives #GhanaEvents #DiasporaToAfrica #VisitGhana #GhanaExperiences #Ghana2026",1349,12,eatocommunity eato accradecember decemberinghana accralife centralhotelridge africancreatives ghanaevents diasporatoafrica visitghana ghanaexperiences ghana2026,2,centralhotelgh treehousegh,0,true,6,6242,false,eatonetwork,food,92.42
3796001252002596287,reel,Video,clips,https://www.instagram.com/p/DSuGwbQjYW_/,DSuGwbQjYW_,2025-12-26T08:50:45.000Z,2025-12-26,Friday,8,The setup for the Entertainment Week Ghana Atale Fashion Party is on-going ! @entertainment.weekgh The team have committed to showcasing one of the most exciting installations and throwing one of the best fashion parties in the country! Takes place today Friday 26th December @treehousegh (Nyaniba) Partners | @diasporaaffairs.ghana @bseghana @akunapod @nationalfilmauthority @ghanatourismauthority Tickets available at www.entertainmentweekghana.com,450,0,,7,entertainment.weekgh treehousegh diasporaaffairs.ghana bseghana akunapod nationalfilmauthority ghanatourismauthority,0,true,0,6258,false,blacvolta,birthdays/celebrations,62.58
3770732883083042659,reel,Video,clips,https://www.instagram.com/p/DRUVZQ3DJ9j/,DRUVZQ3DJ9j,2025-11-21T12:00:04.000Z,2025-11-21,Friday,12,Just another day at the best lunch spot in town! #treehouserestaurant #reels #lunch #goodfood #foodinsta,104,5,treehouserestaurant reels lunch goodfood foodinsta,0,,15,false,0,2416,false,treehousegh,food,39.16
3807244133719709579,reel,Video,clips,https://www.instagram.com/p/DTWDF4zjZeL/,DTWDF4zjZeL,2026-01-10T21:06:21.000Z,2026-01-10,Saturday,21,@malaikurd just hit the stage at this year’s @afroson1cx at the @treehousegh and the vibes are unreal 🔥 #mx24gh mx24gh #mxbreaks #afroson1cx #Accra2026 #AFX2026,161,5,mx24gh mxbreaks afroson1cx accra2026 afx2026,3,malaikurd afroson1cx treehousegh,250,false,34,4272,false,mx24gh,ambience/decor/vibe,462.72
3811320360478718658,reel,Video,clips,https://www.instagram.com/p/DTkh6yzjDrC/,DTkh6yzjDrC,2026-01-16T12:00:00.000Z,2026-01-16,Friday,12,"When a legend touches the stage, the whole place comes alive 💃🏾🕺🏾 @amakyedede_ had everyone singing word for word 🎤",120,0,,1,amakyedede_,30,false,0,2387,false,treehousegh,events/live music/DJ,53.87
3803261395001967393,reel,Video,clips,https://www.instagram.com/p/DTH5haVDIMh/,DTH5haVDIMh,2026-01-05T09:09:36.000Z,2026-01-05,Monday,9,"The Cavemen are coming to AFROSON1C X in Accra, Ghana. Highlife reimagined. Let's enter the cave Accra -this one is special! 10th January 2026 Treehouse, Accra Tickets link in bio",179,0,,0,,72,false,1,6681,false,treehousegh,promotions/offers,143.81
3807216715042732350,reel,Video,clips,https://www.instagram.com/p/DTV825LDTk-/,DTV825LDTk-,2026-01-10T20:10:36.000Z,2026-01-10,Saturday,20,"@treehousegh is the only place to be tonight as @afroson1cx takes over. It’s happening right now, don’t be left out! Come vibe to your favorite tunes from @the.cavemen , @amakyedede_ and many more. AFROSON1C X 2026 #mx24gh #mxbreaks #afroson1cx #Accra2026 #AFX2026",264,5,mx24gh mxbreaks afroson1cx accra2026 afx2026,4,treehousegh afroson1cx the.cavemen amakyedede_,19,false,0,1040,false,mx24gh,ambience/decor/vibe,29.4
3801807558756039961,reel,Video,clips,https://www.instagram.com/p/DTCu9T0DH0Z/,DTCu9T0DH0Z,2026-01-03T09:03:41.000Z,2026-01-03,Saturday,9,At the red festival,19,0,,0,,13,false,1,919,false,queengabby_king,general brand/content,27.19
3746211393641952869,reel,Video,clips,https://www.instagram.com/p/DP9N2oLjLZl/,DP9N2oLjLZl,2025-10-18T16:00:52.000Z,2025-10-18,Saturday,16,"You’ve never dined like this. Afrohouse flowing, plates glowing, energy growing. Its TREEHOUSE RHYTHMS with @b.frvnkie every Saturday at 7:00pm. Your seat's waiting! #reels #treehouserestaurant #afrohouse #dinner #explorepage",225,5,reels treehouserestaurant afrohouse dinner explorepage,1,b.frvnkie,39,false,0,4005,false,treehousegh,food,79.05
3804855818278231773,reel,Video,clips,https://www.instagram.com/p/DTNkDUuDV7d/,DTNkDUuDV7d,2026-01-07T13:57:30.000Z,2026-01-07,Wednesday,13,"The SERIOUS man himself, The Iron Boy - AMAKYE DEDE will be live this Saturday 10th January at AFROSON1C X at Treehouse Restaurant, Accra! Don’t miss your chance to see a legend in action! 🇬🇭 10th January 2026 Treehouse, Accra @treehousegh @afroson1cx @amakyedede_ #amakyedede #AFX2026 #futureofmusic",302,3,amakyedede afx2026 futureofmusic,3,treehousegh afroson1cx amakyedede_,79,false,2,5435,false,afroson1cx,dinner/nightlife,143.35
3704174338748112512,reel,Video,clips,https://www.instagram.com/p/DNn3u9_Mt6A/,DNn3u9_Mt6A,2025-08-21T16:00:58.000Z,2025-08-21,Thursday,16,"THIS is your Friday night move. 🔥 @effthedj spinning throwback soul & R&B while you wine, dine, and vibe. You coming? #treehouserestaurant #reels #soulmusic #rnb",162,4,treehouserestaurant reels soulmusic rnb,1,effthedj,472,false,0,45962,false,treehousegh,cocktails/drinks,931.62
3760706846970382308,reel,Video,clips,https://www.instagram.com/p/DQwtvPGDIfk/,DQwtvPGDIfk,2025-11-11T16:00:28.000Z,2025-11-11,Tuesday,16,When the dinner turns into a dance floor… you know it’s a good night. Only at Treehouse Restaurant. #reels #dinner #funtimes #treehouserestaurant,145,4,reels dinner funtimes treehouserestaurant,0,,19,false,0,1940,false,treehousegh,dinner/nightlife,38.4
3712803652156321508,reel,Video,clips,https://www.instagram.com/p/DOGh0AXjO7k/,DOGh0AXjO7k,2025-09-02T13:45:44.000Z,2025-09-02,Tuesday,13,Afro-house. Al fresco. Saturdays @ #TREEHOUSE Hosted by @b.frvnkie 7pm! #reels #afrohouse #alfresco #dinner #goodfood #foodinsta #weekendplans #weekendvibes #saturdaynight #accranightlife #funtimes,197,12,treehouse reels afrohouse alfresco dinner goodfood foodinsta weekendplans weekendvibes saturdaynight accranightlife funtimes,1,b.frvnkie,311,false,1,105501,false,treehousegh,food,1371.01
3754060885157648374,reel,Video,clips,https://www.instagram.com/p/DQZGnw1Apf2/,DQZGnw1Apf2,2025-10-29T11:57:13.000Z,2025-10-29,Wednesday,11,Enjoy 10% OFF your favorite dish from @treehousegh today only! Don’t miss out on this delicious offer! #discount #anniversary #explorepage✨ #accra,146,5,discount anniversary explorepage✨ accra explorepage,1,treehousegh,13,false,1,1060,false,menufinderafrica,food,28.6
3752818015609117780,reel,Video,clips,https://www.instagram.com/p/DQUsBoXEVxU/,DQUsBoXEVxU,2025-10-27T18:59:19.000Z,2025-10-27,Monday,18,"What does our digital future look, feel, and dream like? Join us for BLUR: Dreaming in Data, an immersive exhibition celebrating a new international partnership between @NieuweInstituut , @LimboMuseum, and @lumako.xyz This is the start of something big: a dedicated platform for the digital arts in Ghana. We’re kicking it off by bringing together six groundbreaking artists—three from Ghana and three from the Nieuwe Instituut’s -1 Residency—to explore the new paradigms shaping our world. Come for the boundary-pushing art, stay for the conversation and celebration. We invite you to be part of this future. Supported by the Dutch Embassy. 🗓️ DATE: NOV 1st ⏰ TIME: 12 PM - 8 PM 📍 LOCATION: TREEHOUSE, OSU, ACCRA 🎟️ ENTRY: 250 GHS (Includes all-day exhibition access, after party + 1 free drink) #digitalarts #nieweinstituut #limbomuseum #lumako #immersiveexperience",870,5,digitalarts nieweinstituut limbomuseum lumako immersiveexperience,4,"nieuweinstituut limbomuseum, lumako.xyz limbomuseum",304,false,29,47057,false,lumako.xyz,cocktails/drinks,919.57
3780086536260669312,reel,Video,clips,https://www.instagram.com/p/DR1kK1ODc-A/,DR1kK1ODc-A,2025-12-04T09:44:38.000Z,2025-12-04,Thursday,9,Guess who’s coming for Entertainment Week Ghana ? @the_odditty !! Entertainment Week Ghana 🇬🇭 ( @entertainment.weekgh ) presents the most anticipated fashion part this Detty December in Accra in collaboration with @akwaabauk and @debonairafrik ! The Atalé Fashion Party Sunday 26th December Loc | @treehousegh Designers | @christiebrowngh @chocolateclothesglobal @cacao_clothing_gh @freetheyouth_ghana @fearnomanclothing @bloombyedzi @olkstudioz Tickets available at www.entertainmentweekghana.com,499,0,,12,the_odditty entertainment.weekgh akwaabauk debonairafrik treehousegh christiebrowngh chocolateclothesglobal cacao_clothing_gh freetheyouth_ghana fearnomanclothing bloombyedzi olkstudioz,0,true,1,3120,false,blacvolta,birthdays/celebrations,36.2
3744052281940422267,reel,Video,clips,https://www.instagram.com/p/DP1i7atjK57/,DP1i7atjK57,2025-10-15T16:30:37.000Z,2025-10-15,Wednesday,16,The throwback to the throwback. Soul Fridays every Friday at 7pm! #reels #treehouserestaurant #goodfood #soulmusic,114,4,reels treehouserestaurant goodfood soulmusic,0,,13,false,0,1896,false,treehousegh,food,31.96
3664191068809256313,reel,Video,clips,https://www.instagram.com/p/DLZ0l0FiN15/,DLZ0l0FiN15,2025-06-27T12:00:17.000Z,2025-06-27,Friday,12,"Soul Fridays bring the best throwback soul and R&B vibes to your dinner table every week. Come for the music, stay for the flavor. #treehouserestaurant #SoulMusic #soulfriday #reels #dinner #food",195,6,treehouserestaurant soulmusic soulfriday reels dinner food,0,,19,false,0,1879,false,treehousegh,food,37.79
3667845854394018767,reel,Video,clips,https://www.instagram.com/p/DLmzl8aC2vP/,DLmzl8aC2vP,2025-07-02T13:04:28.000Z,2025-07-02,Wednesday,13,"If it makes you say ""that's my song!"", then you're in the right place. SOUL FRIDAY's got Temple XTD on the deck while you dine and dance like nobody’s watching. Book a table. Bring your people. Let's have fun. Every Friday, 7:00pm only at Treehouse Restaurant Find us at Osu, Nyaniba Estate opposite Buro and for reservations, call 0599400737 #treehouserestaurant #soulfriday #reels #fridaynight #explore #foodlover #goodfood #soulmusic",436,8,treehouserestaurant soulfriday reels fridaynight explore foodlover goodfood soulmusic,0,,102,false,1,6704,false,treehousegh,food,174.04
3662016940593642304,reel,Video,clips,https://www.instagram.com/p/DLSGQFZi_tA/,DLSGQFZi_tA,2025-06-24T12:00:32.000Z,2025-06-24,Tuesday,12,Live music + amazing food = your new favorite Tuesday tradition. Join us this and every Tuesday @treehousegh #treehouserestaurant #livemusic #liveband #reels #food #dinner #goodfood,181,7,treehouserestaurant livemusic liveband reels food dinner goodfood,1,treehousegh,23,false,0,1574,false,treehousegh,food,38.74
3657076098936604268,reel,Video,clips,https://www.instagram.com/p/DLAi1YBsAZs/,DLAi1YBsAZs,2025-06-17T16:29:20.000Z,2025-06-17,Tuesday,16,"POV: You were at the first house music coffee party in Ghana 🇬🇭☕🎶 Vibes, movement, and something you’ve never seen before. S/O @cafecito_coffee_club . Huge love to everyone who pulled up — this is only the beginning. 🎧 Next one? Stay tuned 👀 #wedey #housemusicghana #treehouseghana #cafecito #povdj",303,5,wedey housemusicghana treehouseghana cafecito povdj,1,cafecito_coffee_club,433,false,58,15528,false,wedeymusic,ambience/decor/vibe,878.28
3709836679794160403,reel,Video,clips,https://www.instagram.com/p/DN7_M4B2HMT/,DN7_M4B2HMT,2025-08-29T11:30:30.000Z,2025-08-29,Friday,11,Feel the nostalgia. Taste the flavor. Soul Fridays hit different. #treehouserestaurant #soulmusic #rnb #throwback,113,4,treehouserestaurant soulmusic rnb throwback,0,,951,false,5,85176,false,treehousegh,food,1827.76
3663466001767009326,reel,Video,clips,https://www.instagram.com/p/DLXPusyCwwu/,DLXPusyCwwu,2025-06-26T12:00:34.000Z,2025-06-26,Thursday,12,Family dinners like these are what we live for. Good food and moments that last a lifetime.Come make memories with us. #treehouserestaurant #dinner #reels #dinnertime #foodlover #food #familytime,195,7,treehouserestaurant dinner reels dinnertime foodlover food familytime,0,,15,false,0,1647,false,treehousegh,food,31.47
3654044220603238809,reel,Video,clips,https://www.instagram.com/p/DK1xdvSoAmZ/,DK1xdvSoAmZ,2025-06-12T12:00:40.000Z,2025-06-12,Thursday,12,"SOUL FRIDAY with @templegramme is your new Friday ritual. Come through for throwback soul, r&b, food that hits and a vibe you'll want every weekend #treehouserestaurant #soulfriday #dinner #soulmusic #weekendvibes #goodfood",223,6,treehouserestaurant soulfriday dinner soulmusic weekendvibes goodfood,1,templegramme,17,false,0,1347,false,treehousegh,food,30.47
3672986201188187960,reel,Video,clips,https://www.instagram.com/p/DL5EX1au784/,DL5EX1au784,2025-07-09T15:18:48.000Z,2025-07-09,Wednesday,15,"Good vibes, good energy at one of my favorite spots in Ghana. @treehousegh",74,5,ghana solotraveler neverstoptravelling theculturetrip lawyersofinstagram,1,treehousegh,8,false,1,448,false,mgreen121,ambience/decor/vibe,17.48
3668767316888266453,reel,Video,clips,https://www.instagram.com/p/DLqFG_OsCbV/,DLqFG_OsCbV,2025-07-03T19:32:58.000Z,2025-07-03,Thursday,19,"It’s not just a meal, it’s an experience. Make memories at our table. #treehouserestaurant #reels #dinner #foodlover #goodfood #explore #goodtimes",146,7,treehouserestaurant reels dinner foodlover goodfood explore goodtimes,0,,19,false,0,1919,false,treehousegh,food,38.19
3675843530865139409,reel,Video,clips,https://www.instagram.com/p/DMDODdDIl7R/,DMDODdDIl7R,2025-07-13T13:59:22.000Z,2025-07-13,Sunday,13,The brew that started it all. ☕✨ This is Cafecito. Ready for the next brew? #Cafecito #MorningBrew #CoffeeVibes #MorningParty #AccraEvents #GoodVibesOnly #fyp,158,7,cafecito morningbrew coffeevibes morningparty accraevents goodvibesonly fyp,0,,114,false,13,6296,false,cafecito_social_club,ambience/decor/vibe,241.96
3613456502889129480,reel,Video,clips,https://www.instagram.com/p/DIlk4tiCCYI/,DIlk4tiCCYI,2025-04-24T12:00:11.000Z,2025-04-24,Thursday,12,"Tag your foodie squad, this is what weekends are made for. We've got a table for you, Call 0599400737 for reservations. #treehouserestaurant #reels #explore #goodtimes #goodvibesonly",182,5,treehouserestaurant reels explore goodtimes goodvibesonly,0,,10,false,0,1059,false,treehousegh,food,20.59
3627951982390037518,reel,Video,clips,https://www.instagram.com/p/DJZExs0iEwO/,DJZExs0iEwO,2025-05-08T12:00:05.000Z,2025-05-08,Thursday,12,"Laughter, love and a table full of flavor. #reels #treehouserestaurant #explore #funtimes",89,4,reels treehouserestaurant explore funtimes,0,,9,false,0,1168,false,treehousegh,date night/romance,20.68
3623603620337621119,reel,Video,clips,https://www.instagram.com/p/DJJoEtFCxh_/,DJJoEtFCxh_,2025-05-02T12:00:26.000Z,2025-05-02,Friday,12,Surprise guest? Just natural girl @mzveegh doing what she does best. #treehouserestaurant #performance #reels #explore #dinner,126,5,treehouserestaurant performance reels explore dinner,1,mzveegh,97,false,0,3641,false,treehousegh,birthdays/celebrations,133.41
3612731885803327607,reel,Video,clips,https://www.instagram.com/p/DIjAIJSCNB3/,DIjAIJSCNB3,2025-04-17T12:00:47.000Z,2025-04-17,Thursday,12,"Your Easter table is waiting. Bring your family and friends, we'll bring the flavour. #reels #explore #treehouserestaurant #Easter #goodtimes",141,5,reels explore treehouserestaurant easter goodtimes,0,,19,false,0,1654,false,treehousegh,reservations/bookings,35.54
3638824037528580173,reel,Video,clips,https://www.instagram.com/p/DJ_sy7NCzBN/,DJ_sy7NCzBN,2025-05-23T12:00:36.000Z,2025-05-23,Friday,12,Friendship tastes better with a full table #treehouserestaurant #foodlover #goodfood #friends #dinner #reels #explore,117,7,treehouserestaurant foodlover goodfood friends dinner reels explore,0,,44,false,0,3378,false,treehousegh,food,77.78
3648970514036808443,reel,Video,clips,https://www.instagram.com/p/DKjv1l1Cdr7/,DKjv1l1Cdr7,2025-06-06T12:00:44.000Z,2025-06-06,Friday,12,"Squad goals, good food and great memories. Tag your friends and plan your next night out. #treehouserestaurant #reels #explore #nightout #dinner #foodlover",155,6,treehouserestaurant reels explore nightout dinner foodlover,0,,11,false,0,1308,false,treehousegh,food,24.08
3643897472764069775,reel,Video,clips,https://www.instagram.com/p/DKRuXH-C8eP/,DKRuXH-C8eP,2025-05-30T12:00:47.000Z,2025-05-30,Friday,12,Family time just got tastier. Join us for lunch and create moments to remember! #treehouserestaurant #reels #explore #lunchtime #lunch #family #familytime,154,7,treehouserestaurant reels explore lunchtime lunch family familytime,0,,25,false,0,2181,false,treehousegh,food,46.81
3608383339847375826,reel,Video,clips,https://www.instagram.com/p/DITjYeRClvS/,DITjYeRClvS,2025-04-11T12:00:31.000Z,2025-04-11,Friday,12,"Let's turn dinner into a celebration! Join us for food, fun and dancing. #treehouserestaurant #explore #reels #dinner #goodfood #goodtimes",138,6,treehouserestaurant explore reels dinner goodfood goodtimes,0,,21,false,0,1565,false,treehousegh,food,36.65
3641051577378879724,reel,Video,clips,https://www.instagram.com/p/DKHnR5Wizjs/,DKHnR5Wizjs,2025-05-26T13:47:07.000Z,2025-05-26,Monday,13,"Food isn’t just fuel, it’s an experience. Here’s a taste of what we’re serving up daily. Which one are you trying first? #treehouserestaurant #reels #explore #food #foodinsta",174,5,treehouserestaurant reels explore food foodinsta,0,,19,false,0,3640,false,treehousegh,food,55.4
3603400637456993724,reel,Video,clips,https://www.instagram.com/p/DIB2cnDCk28/,DIB2cnDCk28,2025-04-04T15:00:42.000Z,2025-04-04,Friday,15,When the food is as good as the company. #perfection #perfectpairings #reels #explore #treehouserestaurant,106,5,perfection perfectpairings reels explore treehouserestaurant,0,,85,false,0,3662,false,treehousegh,food,121.62
3582375527338063495,reel,Video,clips,https://www.instagram.com/p/DG3J4_XCbaH/,DG3J4_XCbaH,2025-03-06T14:51:11.000Z,2025-03-06,Thursday,14,"Let the music take over and the good times roll 🎶. Join us for more jazz jams, every Thursday at 7pm! #treehouserestaurant #livemusic #musiclovers",147,3,treehouserestaurant livemusic musiclovers,0,,11,false,0,992,false,treehousegh,date night/romance,20.92
3588814392823365362,reel,Video,clips,https://www.instagram.com/p/DHOB60JC77y/,DHOB60JC77y,2025-03-15T12:00:24.000Z,2025-03-15,Saturday,12,Not just eating but bonding over every bite. #treehouserestaurant #goodvibesonly #tastybites #food,98,4,treehouserestaurant goodvibesonly tastybites food,0,,29,false,1,1875,false,treehousegh,food,52.75
3601165961560405081,reel,Video,clips,https://www.instagram.com/p/DH56Vy8CTRZ/,DH56Vy8CTRZ,2025-04-04T13:00:41.000Z,2025-04-04,Friday,13,"Friends who drink together, stay together. #treehouserestaurant #friends #drinks #reels",87,4,treehouserestaurant friends drinks reels,0,,47,false,0,2584,false,treehousegh,cocktails/drinks,72.84
3590993681786102139,reel,Video,clips,https://www.instagram.com/p/DHVxbpJiGF7/,DHVxbpJiGF7,2025-03-18T12:10:47.000Z,2025-03-18,Tuesday,12,"Live music every Tuesday with @bluejackets_cover, come hang out, enjoy the tunes, and the amazing food. #livemusic #liveband #treehouserestaurant",145,3,livemusic liveband treehouserestaurant,2,"bluejackets_cover, bluejackets_cover",14,false,0,929,false,treehousegh,food,23.29
3571547523590531641,reel,Video,clips,https://www.instagram.com/p/DGQr4zCCio5/,DGQr4zCCio5,2025-02-19T16:19:31.000Z,2025-02-19,Wednesday,16,Join us for smooth jazz tunes this and every Thursday at 7pm! #jazznight #groove #treehouserestaurant,101,3,jazznight groove treehouserestaurant,0,,18,false,0,1881,false,treehousegh,dinner/nightlife,36.81
3585281289223816543,reel,Video,clips,https://www.instagram.com/p/DHBelZACkVf/,DHBelZACkVf,2025-03-10T12:00:13.000Z,2025-03-10,Monday,12,"Good food, great vibes and soulful beats - that's what “Soul Friday” is about! Come to #treehouserestaurant on Fridays from 6pm to feast on the best food and music for the soul #treehouserestaurant #soulfriday #weekendvibes",223,3,treehouserestaurant soulfriday weekendvibes,0,,240,false,0,15001,false,treehousegh,food,390.01
3593162837226780739,reel,Video,clips,https://www.instagram.com/p/DHdepAlCXhD/,DHdepAlCXhD,2025-03-21T12:00:13.000Z,2025-03-21,Friday,12,"Every Friday, we've got the best music with @templegramme that takes you back, and unforgettable experience, and the tastiest dishes. See you at Soul Fridays! #treehouserestaurant #SoulFridays #food",198,3,treehouserestaurant soulfridays food,1,templegramme,27,false,0,2094,false,treehousegh,food,47.94
3596877723345681016,reel,Video,clips,https://www.instagram.com/p/DHqrTt4iPp4/,DHqrTt4iPp4,2025-03-26T15:00:26.000Z,2025-03-26,Wednesday,15,"Come for the soulful tunes, stay for the mouthwatering dishes! Join us for “Soul Fridays” at #treehouserestaurant every Friday from 7pm, to feast on the best food and music for the soul. See you this Friday! #treehouserestaurant #SoulFridays #food #SoulMusic",258,4,treehouserestaurant soulfridays food soulmusic,0,,186,false,1,9130,false,treehousegh,food,282.3
3526693656463559453,reel,Video,clips,https://www.instagram.com/p/DDxVTIBIksd/,DDxVTIBIksd,2024-12-19T19:09:36.000Z,2024-12-19,Thursday,19,Party Ravers!! @djasporaglobal_ has got all the music genres covered💥🎶 EDM• HOUSE• HIPHOP• RNB• DANCEHALL• CARIBBEAN• AFROHOUSE and many more are set to be loud on Jan 1. This isn’t your regular party! It’s a global festival celebrating global music🎶🌍 What genre would you love to hear at @djasporaglobal_ Let’s know in the comments👇🏾,340,0,,1,djasporaglobal_,0,true,0,2570,false,djasporaglobal_,date night/romance,25.7
3532370526072774560,reel,Video,clips,https://www.instagram.com/p/DEFgEc1oJ-g/,DEFgEc1oJ-g,2024-12-27T15:49:56.000Z,2024-12-27,Friday,15,Who needs 5 golden rings when you can have Sautéed Prawns with a side of Potato Lyonnaise instead? 🎶🍤 Day 5 of Foodmas is a whole vibe with @treehousegh Available for delivery on the Menufinder Africa app. #12daysofchristmas #foodmas #prawns #tistheseason #holidays #dettydecember #christmasingh #trendingreels #explore,321,9,12daysofchristmas foodmas prawns tistheseason holidays dettydecember christmasingh trendingreels explore,1,treehousegh,31,false,0,3208,false,menufinderafrica,food,63.08
3532358606532095000,reel,Video,clips,https://www.instagram.com/p/DEFdW_5o6wY/,DEFdW_5o6wY,2024-12-27T14:35:31.000Z,2024-12-27,Friday,14,Afropark Recap @treehousegh,27,0,,1,treehousegh,160,false,16,4997,false,itz._newdawn,general brand/content,289.97
3533837032816223262,reel,Video,clips,https://www.instagram.com/p/DEKtg7rIaQe/,DEKtg7rIaQe,2024-12-29T15:46:59.000Z,2024-12-29,Sunday,15,@femmefataleselection are ready and energized for @djasporaglobal_ 🚀🌍🎶🎶 Accra and the Diaspora!!! Where y’all at?? We making history on Jan 1 at @treehousegh ⚡️ 12 hours of back to back music from your fav DJ’s across the globe! There’s no better way to start your year than with us💯 Get tickets via djasporaglobal.com (link in bio) Lead sponsors @airfordable @kglfoundation Powered by: @sorted.chale @alleybargh @treehousegh @diaspora_cdmx @afropolitannation @pulseghana @barndoorbeergarden @afropass.io,509,0,,12,femmefataleselection djasporaglobal_ treehousegh airfordable kglfoundation sorted.chale alleybargh diaspora_cdmx afropolitannation pulseghana barndoorbeergarden afropass.io,37,false,1,4882,false,djasporaglobal_,cocktails/drinks,90.82
3561121706086044402,reel,Video,clips,https://www.instagram.com/p/DFrpVL1MRLy/,DFrpVL1MRLy,2025-02-05T07:00:39.000Z,2025-02-05,Wednesday,7,"Love is sweet; a GHC200 discount is even sweeter! 💕 This Valentine's day, enjoy a romantic moment at @treehousegh and save when you tap to pay with your First National Bank Visa card. Love, dine, and save! Celebrate the joy of effortless payment. #TapIntoLove",260,1,tapintolove,1,treehousegh,57,false,2,2346,false,firstnationalbankgh,date night/romance,90.46
3566437280527392076,reel,Video,clips,https://www.instagram.com/p/DF-h8-Ti51M/,DF-h8-Ti51M,2025-02-12T15:04:50.000Z,2025-02-12,Wednesday,15,"Enjoy the rhythm of love with amazing meals, refreshing drinks and music from top DJs on Valentine’s Day this Friday, from 6pm! Call or WhatsApp us to reserve your table for a sweet and cozy night ❤️ #valentinesday #valentinesdinner #treehouserestaurant",253,3,valentinesday valentinesdinner treehouserestaurant,0,,182,false,1,21475,false,treehousegh,food,401.75
3544652891300644476,reel,Video,clips,https://www.instagram.com/p/DExIwY2CUZ8/,DExIwY2CUZ8,2025-01-13T13:41:26.000Z,2025-01-13,Monday,13,Come through and enjoy live music with us this and every Tuesday at #Treehouse Restaurant! #livemusic #liveband #musiclover #reels #explore #dinnertime,151,7,treehouse livemusic liveband musiclover reels explore dinnertime,0,,45,false,0,2058,false,treehousegh,date night/romance,65.58
3542527524245621218,reel,Video,clips,https://www.instagram.com/p/DEplgOhtEni/,DEplgOhtEni,2025-01-10T15:22:14.000Z,2025-01-10,Friday,15,"Global music sensation @temsbaby is live at The Creative Reset at @treehousegh, and she’s already scored some amazing goodies from @clapes_! Don’t miss out on the excitement! Join us at The Creative Reset for a day of innovation, creativity, and inspiration! #TheCreativeReset #TEMs #TreehouseGh #Clapes",303,4,thecreativereset tems treehousegh clapes,5,"temsbaby treehousegh, clapes_! treehousegh clapes_",0,true,4,10373,false,wearealtworld,food,123.73
3542462977841381837,reel,Video,clips,https://www.instagram.com/p/DEpW09ANUHN/,DEpW09ANUHN,2025-01-10T13:14:46.000Z,2025-01-10,Friday,13,"RESET MODE ACTIVATED! We’re LIVE at @treehousegh with the incredible sustainable upcycle brand @alpha.costume! Join us for an unforgettable experience of creativity, innovation, and eco-friendly fashion! Head to the STYLE ZONE section, where @alpha.costume will be sharing their expertise on upcycling and sustainable fashion! Let’s RESET, REIMAGINE, and RECREATE together! #TheReset #Sustainability #UpcycleFashion #TreehouseGh #AlphaCostume #Stylezone #Wearealtworld #Kantamantoupcyclers",489,8,thereset sustainability upcyclefashion treehousegh alphacostume stylezone wearealtworld kantamantoupcyclers,3,treehousegh alpha.costume! alpha.costume,0,true,10,6510,false,wearealtworld,food,115.1
3514272459174484617,reel,Video,clips,https://www.instagram.com/p/DDFNC6lCJqJ/,DDFNC6lCJqJ,2024-12-02T15:39:49.000Z,2024-12-02,Monday,15,Come through and enjoy live music with us this and every Tuesday at #Treehouse Restaurant! #livemusic #liveband #musiclover #reels #explore #dinnertime,151,7,treehouse livemusic liveband musiclover reels explore dinnertime,0,,106,false,1,3873,false,treehousegh,date night/romance,149.73
3523006878641107379,reel,Video,clips,https://www.instagram.com/p/DDkPBcmqTGz/,DDkPBcmqTGz,2024-12-14T17:00:43.000Z,2024-12-14,Saturday,17,"GET READY FOR THE ULTIMATE FASHION EXPERIENCE! Mark your calendars for January 4th, 2025, as the @treehousegh transforms into a vibrant hub of African heritage, vintage glamour, and sustainable style! Join us for the MAIDEN EDITION of the @vintageupghanafestival (VUG), featuring: 30+ global and local vintage vendors showcasing rare treasures. * Electrifying fashion shows that blend tradition with modern flair! The ultimate Drip Contest: come dressed to impress! dj Soul-stirring music to keep you grooving all day! * Live Upcycling Workshops: witness creativity in action with Africa’s most innovative designers! Get hands-on experience and learn from the masters as they transform discarded materials into stunning, eco-friendly pieces. Don’t miss this opportunity to network, learn, and be inspired! It’s free!!! Just get your Drip on #VintageUpGhana #VUGFest2025 #SustainableFashion #AfricanHeritage #FashionFestival #TreeHouseAccra #UpcyclingWorkshops #EcoFriendlyFashion Are you coming?",995,8,vintageupghana vugfest2025 sustainablefashion africanheritage fashionfestival treehouseaccra upcyclingworkshops ecofriendlyfashion,2,treehousegh vintageupghanafestival,0,true,15,21067,false,vintageupghanafestival,food,285.67
3525258135988306418,reel,Video,clips,https://www.instagram.com/p/DDsO5jZI4Hy/,DDsO5jZI4Hy,2024-12-17T19:36:35.000Z,2024-12-17,Tuesday,19,"If you’re not getting turnt with us at @djasporaglobal_ you’re missing out💁🏽‍♀️💃🏽 We’re starting the year with the best music and best vibes from around the world! 🌍🔥 Imagine your playlist come to life… that’s DJASPORA GLOBAL FESTIVAL 💥🎧🎶 🗓️Jan 1, 2025 ⏱️3pm 📍Treehouse Restaurant, Nyaniba 🎫 http://djasporaglobal.com (link in bio🔗) Lead Sponsors @airfordable @kglfoundation Powered by: @sorted.chale @alleybargh @treehousegh @diaspora_cdmx @afropolitannation @pulseghana @barndoorbeergarden @afropass.io",517,0,,11,djasporaglobal_ airfordable kglfoundation sorted.chale alleybargh treehousegh diaspora_cdmx afropolitannation pulseghana barndoorbeergarden afropass.io,0,true,1,3434,false,djasporaglobal_,cocktails/drinks,39.34
3892503865067813196,reel,Video,clips,https://www.instagram.com/p/DYE86RUM7lM/,DYE86RUM7lM,2026-05-08T12:24:32.000Z,2026-05-08,Friday,12,"Everyone at the Accra mixer made sure to show up and show out 💫🇬🇭 From industry leaders, cultural tastemakers, and the next generation of African creatives, we gathered on the Gold Coast for a night that reminded us exactly why this city is like no other. 📌 As the sun went down we made our way to @treehousegh for spectacular live performances from @lasmidofficial1 @veolagram , @siicie_ and @iamjubed_ presented by the family at @audiomack while cocktails circled the room courtesy of @hennessy as they kept the energy flowing. Accra displayed the kind of honest, electric conversation between people who are genuinely building something together. New connections were made, ideas were exchanged, and the night carried on the way only Accra knows how. 🍸🌴 🎥 | @iamjunie07",779,0,,8,treehousegh lasmidofficial1 veolagram siicie_ iamjubed_ audiomack hennessy iamjunie07,81,false,1,1770,false,africahousemembersclub,food,103.7
3697537384195333410,reel,Video,clips,https://www.instagram.com/p/DNQSqkYsJ0i/,DNQSqkYsJ0i,2025-08-12T12:14:07.000Z,2025-08-12,Tuesday,12,"SOUL FRIDAY is Where Taste Meets Tempo. Every Friday we're serving up classic Soul and R&B hits with @templegramme and delicious food. Whether you’re vibing at the bar or grooving at your table, this is your Friday reset. #treehouserestaurant #reels #soulfriday #soulmusic #rnb #explore #dinner #goodfood",304,8,treehouserestaurant reels soulfriday soulmusic rnb explore dinner goodfood,1,templegramme,209,false,6,19030,false,treehousegh,food,429.3
